6.835871413350105841e-02,-1.926247388124465998e-01,-2.274461776018142645e-01,-1.901054978370666504e-01,-1.107308119535446167e-01,2.275634422898292486e-01,-4.044560473412275176e-02,9.047533571720123291e-02,-5.119907855987548828e-02,-7.327695712447165888e-02,-1.936323940753936768e-01,1.070595443248748835e-01,-1.684820495545863994e-01,-3.315633505582809559e-01,3.881266887183301012e-02,4.210289604961871962e-02,-2.780605880252551287e-02,-7.368923351168632507e-02,2.797377705574035645e-01,2.049279771745204926e-01,-2.200798876583576202e-02,9.354877768782899478e-03,-3.343778342008590920e-01,-1.265328899025917053e-01,6.602657586336135864e-02,2.605468198657036050e-01,1.940358412684872746e-02,-1.894542700611055036e-02,2.772531166672706493e-01,-3.243239447474479675e-01,-9.441953971982001981e-02,-2.216499760746955816e-01,9.571305885910988409e-02,1.419015228748321533e-02,2.581565484404563793e-01,1.531757690012454931e-01,5.273210480809211592e-02,-1.687590399524196982e-02,1.734589949250221197e-01,-1.613596141338348444e-01,-3.140975430607795826e-01,-4.073080420494079590e-02,2.788492456078529580e-01,6.686391383409499845e-02,1.007306560873985346e-01,1.195948105305433273e-03,1.467940509319305420e-01,1.093813296407461222e-01,3.198753491044044606e-01,-2.543852508068084606e-01,2.715183690190315358e-01,1.944573074579238892e-01,-3.125292714685201645e-02,1.689422294497489874e-01,2.435668885707855114e-01,-5.014773420989513536e-02,-2.009179978631436825e-02,-2.165783047676086426e-01,1.166667832061648313e-01,5.489262677729130069e-02,-4.540937133133411685e-02,-8.714380115270614624e-02,-1.271290950477123316e-01,7.447800040245056152e-02,-9.068614244461059570e-02,1.584651947021484264e-01,1.977622061967849731e-01,-1.069017365574836675e-01,-1.557326018810272217e-01,-2.944294273853301780e-01,-2.231220081448554993e-01,-1.763973087072372437e-01,-1.773000136017799377e-01,-8.136867433786391934e-02,7.032666198210790580e-03,-3.786347545683384219e-02,7.920177653431892395e-02,-1.455687589943409077e-01,-2.857893303036689869e-01,1.234346746467053918e-01,1.535236626863479559e-01,-3.012275606393813865e-01,1.024693526327609960e-01,2.128545135259628240e-01,1.860523883951827745e-02,1.876766175031661932e-01,1.555913150310516413e-01,-1.647446691989898626e-01,-6.385766685009002241e-01,2.062927052378654424e-01,4.405527263879775723e-02,7.448427677154541293e-02,-3.063852250576019065e-01,1.379926301538944300e-01,-1.718299791216850170e-01,1.229571789503097479e-01,4.106769512873142958e-02,-1.301851406693458613e-01,-5.564569771289825661e-01,2.069616213440895192e-01,-8.455651961266993921e-02,-1.107808336615562494e-01,3.435799516737460951e-02,-1.884589791297912598e-01,4.101587906479835233e-02,-2.044315338134765625e-01,-9.113976582884789068e-02,1.833144456148147472e-01,1.796205461025238148e-01,-2.841358073055744171e-02,-1.092936255037784549e-01,-2.210761681199073792e-01,-1.411976294475607643e-02,-2.304977744817733876e-01,-1.346471443772316035e-01,-4.701152175664901622e-01,3.353216350078582764e-01,-1.354307436849922028e-03,3.625808656215667725e-02,-1.241836257278919192e-01,6.496719567803665822e-03,6.896719858050345819e-02,-2.762677356600761192e-01,9.561419934034347257e-02,2.516673013567924388e-01,1.195597480982541969e-02,-7.305765487253665369e-02,2.185885496437549660e-02
1.146996065974235507e-01,6.704731173813342771e-02,-1.279234200716018732e-01,-1.666016727685928345e-01,-1.351987123489379883e-01,2.206483960151672252e-01,3.310644673183560371e-02,1.219311140477657290e-01,-7.120596012100577788e-04,1.888531059026718195e-01,4.748167097568511963e-02,3.069225206971168407e-01,-1.276768445968627930e-01,-3.973724514245987049e-01,1.877966433763504084e-01,1.916780412197112982e-01,1.318643607199191936e-01,-9.368620440363883972e-02,-1.581347629427909962e-01,3.944593936204910389e-01,-2.663660094141960255e-01,1.149487040936946897e-01,-4.120449364185333474e-01,-2.711857454851269653e-02,-2.009907364845275879e-01,2.594660103321075328e-01,-1.198104687035083799e-01,2.638757899403572083e-01,2.860008776187896729e-01,1.026300430297851507e-01,1.944385930895805303e-01,1.177828244864940616e-01,-2.899289168417453627e-02,-1.870924681425094604e-01,1.043401360511779785e-01,6.158925741910934587e-02,6.973961219191551764e-02,-1.995944932103156932e-01,2.578324735164642112e-01,8.714414238929749090e-02,8.048312589526177008e-02,8.287954330444335938e-02,1.755142912268638500e-01,-2.804186335997655918e-02,1.877095326781272888e-01,-6.736904233694077093e-02,-8.163512498140335083e-02,-1.579858630895614735e-01,-8.746392577886581698e-02,-2.293807804584503118e-01,-3.234926853328943391e-02,-1.957495883107185364e-01,2.687854796648025402e-01,-1.249947689473629026e-01,-8.577490001916884821e-02,-7.396285366266966421e-02,-1.223083958029747009e-01,9.102641716599464694e-02,-1.022762779146432904e-01,7.589391730725765506e-02,-1.842739492654800471e-01,-2.993619563058018754e-02,1.358226679265499004e-01,1.621786057949066162e-01,-5.614617466926574707e-02,-7.097864747047424872e-02,1.540720667690038612e-02,7.459395639598369321e-02,-4.228176176548004150e-02,2.139142647385597340e-01,5.086754262447357178e-02,8.977587968111037930e-02,2.070831447839736883e-01,-1.968583203852176597e-02,1.372234448790550232e-01,-2.090815141797065790e-01,1.427012972533702739e-01,2.954526498913764843e-01,-9.408347830176352899e-02,1.971676111221313532e-01,-2.757779762148857006e-01,1.718329250812530573e-01,5.063075274229049405e-02,1.448610246181488148e-01,3.626237553544342344e-03,8.665957525372505743e-02,5.164770819246768813e-02,-3.227217257022857444e-01,-2.135024338960647694e-01,-3.127578776329755644e-02,2.622275546193122975e-01,-2.171044722199440002e-01,1.765253981575369904e-02,1.091200247406959589e-01,2.239419922232627758e-01,-2.257807791233062689e-01,1.675229504704475458e-01,-2.434262990951538141e-01,-2.618466123938560375e-01,-9.684395566582679193e-02,2.164543032646179255e-01,1.534087613224983104e-01,-2.151030391454696600e-01,8.267332613468170166e-02,-5.072283856570720950e-02,-1.344898000359535106e-01,-2.138610184192657471e-01,3.887129068374634011e-01,4.383784718811511993e-02,4.907814115285873413e-01,2.841845035552978405e-01,-1.299718342721462305e-01,2.289917916059494019e-01,-1.497252821922302191e-01,8.626612275838851929e-02,-4.290425091981887595e-01,-2.970413255970925231e-02,3.989464007318020006e-02,1.680590510368347168e-01,-1.088142231106758173e-01,-1.737768086604773912e-03,3.716201990842818992e-01,-1.570141106843948309e-01,1.795974582433700617e-01,3.434440791606903354e-02,3.963218689896166186e-02,-2.163412973284721263e-01,1.842608988285064642e-01
4.007515549659729226e-01,1.492523021996021160e-01,3.382050111889839394e-01,2.528001368045806885e-02,-1.704736500978469849e-01,-1.676094323396682684e-01,6.538578914478421558e-03,-2.771239876747131348e-01,1.025391940027475385e-01,-1.591806032229214907e-02,1.671524643898010254e-01,3.510269701480865367e-01,1.144674122333526611e-01,-3.482789248228073120e-01,1.173029735684394809e-01,2.243915244936943165e-01,1.526036515831947216e-01,2.202838897705078069e-01,2.957653373479843251e-01,-5.196923762559890747e-01,1.421019680798053797e-01,-3.516636729240417703e-01,-1.330089829862117767e-01,3.107880041003227012e-01,-4.809485375881195068e-02,-3.958001703023910633e-01,2.197420477867126354e-01,5.869324765517376641e-02,2.508710831403732078e-01,1.047627370804548319e-01,-2.797742873430252297e-01,2.816082939505576976e-01,2.087274402379989680e-01,-1.079715564846992493e-01,-3.093954667448997609e-01,-2.476605236530304011e-01,4.308491498231887817e-01,2.482989445328712408e-01,-4.089405953884124867e-01,9.125644061714410782e-02,-7.599205952137708109e-02,1.173536479473114014e-02,-3.657981127500534169e-01,-3.691588610410690419e-01,1.769385531544685475e-01,-2.606208220124244801e-01,-1.874055117368698120e-01,7.343083908781408708e-02,-5.376040965318680254e-01,-5.599080794818291767e-02,-2.211740478873252813e-01,-5.855783117003739158e-02,-2.734362497925758584e-01,2.361670196056366022e-01,2.447000756859779302e-01,-1.654581174254417530e-01,6.827862425707280358e-02,1.643046498298645075e-01,1.126989983022212982e-01,-4.072578221559524647e-01,3.491818934679031261e-01,-3.182378947734832986e-01,-3.806939867790788690e-02,-1.779000610113143921e-01,-1.763688027858734131e-01,-4.248788177967071644e-01,-3.240787267684936412e-01,-4.149550020694732777e-01,1.798319816589355469e-01,2.393072485923767034e-01,4.338192403316497581e-01,4.169113278388977273e-01,-1.320523448288440649e-01,2.220451556146144922e-01,-1.910347606753930519e-02,3.795495569705963357e-01,8.322036527097224912e-02,-1.410335641354322489e-01,3.798318281769752502e-02,-3.460594981908798329e-01,1.140253309160470935e-01,2.157632052898406927e-01,-3.972967118024826050e-01,-2.330431178212165888e-01,2.445854350924491771e-01,-2.195657551288604792e-01,-3.337953865528106578e-01,3.400835394859313965e-01,-3.995995048899203539e-02,-3.872999578714370617e-01,5.143010109663009866e-01,3.572268366813659557e-01,3.222141608595848195e-01,-1.432895801961421856e-01,3.665269613265991211e-01,4.381805896759033425e-01,-2.822660177946090809e-01,4.170437425374984852e-01,-3.808681190013885609e-01,-3.194467104040086408e-02,-3.926546692848205677e-01,-2.728472396731376759e-01,-6.764451512135565003e-02,-8.525848388671875000e-02,3.848131209611892478e-01,3.967318534851074219e-01,3.082409992814064137e-01,-3.174818590283393638e-01,1.567289605736732483e-01,-9.859033580869436264e-02,-2.301305174827575628e-01,3.893142402172088401e-01,-3.213037862442433973e-02,2.128362327814102284e-01,4.035931050777435414e-01,9.943680232390761028e-03,-4.961660504341125488e-02,-2.589049473404884116e-01,-8.476010710000991821e-02,-2.788784012198448070e-01,4.072253048419952615e-01,-2.653869546484202008e-02,9.464802499860525131e-02,3.031608253717422707e-01,-2.656038820743560902e-01,7.741386443376541138e-02,4.533929489552974978e-02,-3.048957854509353749e-01
-1.984311029314994868e-01,9.461710378527640741e-02,-2.457405641674995367e-01,-1.936578750610351562e-01,-8.302698284387588501e-02,5.625840276479721069e-02,-2.377406455576419886e-01,1.780909031629562267e-01,-2.612405836582183949e-01,2.335087046027183588e-01,-1.057460606098175049e-01,-8.004589229822159369e-02,-1.533908456563949640e-01,-4.358438193798065408e-01,6.914236880838871280e-02,-2.314199883257970353e-02,-2.132027223706245422e-01,-1.173639949411153837e-03,1.186323110014200211e-01,-6.272187173366546853e-01,-6.346398256719112951e-02,2.084374517202377264e-01,3.704265385866165050e-01,-2.102525740861892756e-01,1.281413137912750244e-01,-4.764139726758002957e-02,1.649705171585083008e-01,-3.228963553905487283e-01,-4.530568223417504037e-02,1.664353342726826723e-01,2.427436739206313976e-01,1.893769249320030323e-01,5.452600792050361911e-02,-1.144284084439277649e-01,1.522788025438785442e-01,1.079195134341716794e-01,-5.272798359394073042e-01,-3.906066045165061673e-02,-7.858649380505085269e-02,-1.322398071642965148e-02,-2.899651164188981126e-02,-1.879392564296722412e-01,2.995440453290939553e-01,3.174231261014938132e-01,2.184512428939342638e-02,-3.742551989853382111e-01,-1.481172740459442139e-01,1.934189692139625660e-01,-2.428514286875724792e-01,-2.600290909409522788e-01,1.859166353940963634e-01,2.988758370280265586e-01,6.052456479519605775e-02,-1.338881231844425146e-01,-5.219261705875396506e-01,-2.023062005639076344e-01,1.407726481556892395e-01,-2.639509081840515359e-01,-5.321382880210876465e-01,1.862353131175041310e-01,2.443997415248304675e-02,2.795870438218116538e-01,2.261437264969572494e-02,-1.968246251344680786e-01,-1.883343011140823364e-01,1.781754698604345183e-02,2.297165135387331178e-02,-8.747235573828220090e-02,-1.854782104492187500e-01,-2.961090384051203589e-02,7.391844764351844510e-02,5.056841056793928008e-02,-1.012861530878581134e-01,-3.187053054571151733e-01,-7.795250958879477998e-02,-2.643845871090889088e-01,-7.627940773963928778e-02,2.709004640579223411e-01,-4.414719179272651450e-01,2.418596088886260931e-01,-1.838752813637256622e-01,1.305653586983680781e-01,1.807978123426437489e-01,3.764237853756639829e-02,-1.485580340027809199e-01,1.590794607996940668e-01,2.910804420709610096e-01,-1.164785303175449316e-01,8.845458664000034610e-02,2.280992820858955272e-01,3.139012455940246582e-01,-2.377844363451004084e-01,8.464250043034553250e-02,1.281427726149559077e-01,4.247452497482299694e-01,1.200516135431826080e-02,4.217912256717681885e-01,-2.373537585139274542e-01,5.300950258970260620e-03,7.241624407470226288e-02,1.204255670309066772e-01,-7.517893575131892603e-02,-3.270893126726150402e-01,1.050720270723104477e-02,-5.681592042674310332e-03,-5.828199982643127164e-02,2.463772252202033886e-01,-3.655564375221729417e-02,-2.855483308434486611e-01,4.833173678489401798e-02,-2.811562374234199413e-01,1.678700405755080213e-02,-1.776385232806205750e-01,-2.015312567353248485e-01,-1.022244699299335452e-01,1.158111343625932987e-01,-5.929037332534790039e-01,7.180852144956588468e-02,-1.671073883771896362e-01,-3.360863447189331166e-01,-1.243437461555004092e-01,1.631893396377563366e-01,-1.498139195144176372e-01,-6.929821148514747620e-02,2.077008649706840460e-01,-9.779727682471275885e-02,8.808748461306095678e-02,4.907789044082164903e-02
5.137371225282549858e-02,2.841444492340087780e-01,-6.541392877697944919e-02,-1.547589898109436035e-01,9.431480616331100464e-02,-1.993885397911071833e-01,-3.208990305662154929e-01,-2.930329442024230957e-01,2.596872910857200845e-01,-2.874048084020614513e-01,-1.524401903152465820e-01,-3.063943147659301536e-01,-4.051290447823703567e-02,9.016225934028625211e-02,-2.667492240667342918e-01,2.797291129827499390e-01,6.512278951704501828e-02,3.363951474428176769e-01,2.805651880335062812e-02,1.048266053199768122e-01,-3.298661634325981279e-02,-3.053211227059364208e-01,-2.411629483103752136e-01,-2.054387778043747018e-02,-8.096077293157577515e-02,-6.571063054725527486e-02,2.139004170894622664e-02,-1.283602017909288295e-01,-4.446854799985885398e-01,-2.035966992378234752e-01,-2.169560864567756653e-01,3.887303531169891135e-01,3.404272913932800404e-01,1.546626091003417969e-01,-5.362017913430463384e-02,-1.336883164942264668e-01,1.977331057190895025e-01,1.497172400355339106e-01,-1.118887487798929242e-01,3.054764434695244057e-01,4.001491248607635387e-01,-1.901095062494277954e-01,-4.450966422446071824e-02,-2.436780771240592072e-02,2.851457074284553528e-01,1.467517845332622639e-01,-7.351146638393402100e-02,-4.024021103978157043e-01,2.154654294252395519e-01,3.628595262765884621e-01,-2.860771864652633667e-01,-3.059687659144401661e-01,-6.447816863656044561e-02,3.418254703283309937e-01,-9.656394198536873141e-02,-5.517090894281864027e-02,-1.153577000659424846e-02,1.987790495157241710e-01,-1.678392723202705439e-01,-1.516514837741851918e-01,1.714264005422592163e-01,-1.768468938767910059e-01,3.097488889470696380e-02,-1.559262424707412720e-01,-1.964169554412364960e-03,-1.233822055160999354e-01,-3.574115008115768544e-01,-3.663947105407714955e-01,1.154571771621704102e-01,3.102159276604652405e-01,3.651204556226730347e-01,1.424585521221160833e-01,-6.036129027605057207e-01,2.834920883178710938e-01,-4.715894192457198986e-01,1.701163202524185181e-01,3.494515806436538918e-01,-2.491586789488792475e-01,-4.124095112085342518e-01,5.138098657131194846e-01,1.234343290328979437e-01,-3.947810411453246959e-01,-8.209348693490028936e-02,-1.707484945654869080e-01,4.557457608170807639e-02,-2.488518595695495550e-01,-1.469493642449379023e-01,-1.510320058150682512e-03,7.752374510746448677e-02,-2.288381919264793340e-01,-1.404047571122646332e-01,2.191479161381721386e-01,2.316974699497222900e-01,2.844375283457338879e-02,-4.046404272317886130e-01,3.870715737342834695e-01,4.083254128694534524e-01,-5.026515191420912604e-02,1.673061698675155640e-01,2.033930808305740301e-01,2.334791183471679743e-01,-1.877075642347335871e-01,1.465002164244651739e-01,1.541387140750885010e-01,2.086648985743522755e-01,1.811102025210857280e-01,7.123070629313587795e-03,4.373023323714732985e-02,1.834039881825447194e-01,1.097453540191054289e-01,-1.317149139940738678e-01,2.211166322231292725e-01,1.920272096991539057e-01,3.122005999088287576e-01,1.379873812198638972e-01,2.479410603642463740e-01,-7.924047317355871478e-02,-2.272747054696083180e-01,-2.223306894302368164e-02,3.460596472024917714e-01,-3.218645974993705750e-02,-1.852078840136527904e-01,1.024080757051706314e-01,2.387284994125366266e-01,-2.171649456024170033e-01,1.638246759772300776e-01,-4.204301267862319835e-01,-3.150536656379699929e-01
1.971529513597488348e-01,-6.898479312658309381e-02,1.364650875329971313e-01,-6.582547724246978760e-02,1.416121274232864380e-01,-1.580815707566216727e-02,1.005551056005060673e-02,2.221943125128746088e-01,1.032712571322917938e-01,-6.673893444240093509e-02,1.746424734592437744e-01,3.862191915512084850e-01,-1.032289057970046942e-01,3.080235958099365456e-01,6.991446502506733218e-02,1.559174329042434803e-01,-1.087408505380153684e-01,2.253733888268470709e-01,-2.367233941331505637e-02,-7.035720348358154297e-02,1.343338679522275980e-01,1.423442423343658503e-01,7.502149157226085940e-02,-4.499089196324348311e-02,-1.224078014492988586e-01,-8.421042859554291049e-02,1.994665279984474127e-01,2.170962572097778209e-01,-1.769202980212867399e-02,-1.216875828802585630e-01,-1.096184067428112030e-01,1.525422289967536815e-01,-9.712258987128734311e-02,-1.937008947134017944e-01,9.219954982399940213e-02,-2.592414733953773975e-02,6.331092417240143100e-02,-1.291122585535049438e-01,-3.771461118012666563e-02,1.534600555896759033e-01,4.656384885311126709e-02,-1.426093727350234985e-01,-1.281688652932643779e-01,-4.412111192941665927e-02,3.106113856483716604e-03,3.206196397542953602e-01,-1.613706052303314209e-01,4.795872215181588849e-02,9.466256434097885392e-03,1.812254011631012074e-01,1.850993037223815918e-01,1.359402284026146046e-01,2.308955714106559753e-01,-6.610177010297775546e-02,-3.705237209796905656e-02,3.692704856395721547e-01,2.556567251682281272e-01,1.762823343276977428e-01,-9.319920316338539679e-02,2.196172460913658198e-01,1.998246386647224426e-01,-1.440708830952644459e-01,-2.233784273266792297e-01,-1.024903431534767151e-01,-5.983167886734008789e-02,1.885353010147810052e-02,3.048769701272249083e-02,1.761730000376701410e-01,-9.363782405853271484e-02,4.521016322541981936e-03,-1.787703499197959844e-01,-1.262495420873165075e-01,4.975709870457649120e-01,1.262560792267322651e-01,3.021939441561699025e-01,2.048084631562233082e-01,5.078397579491138181e-02,-5.113047063350677213e-02,6.710097147151827812e-02,-4.919741582125425165e-03,6.142606772482395172e-02,1.230918511748313876e-01,-8.758581355214119235e-02,1.292589448392391094e-01,-1.100193709135055542e-01,3.918253295123576979e-02,6.251166090369224271e-02,1.185122117400169428e-01,-3.650633782148361428e-01,1.290892973542213384e-01,-2.689454585313796886e-01,8.510826081037521640e-02,2.827169541269540856e-02,-7.437636181712151129e-02,-4.165887475013733132e-01,-4.193725101649761061e-02,3.249836742877960094e-01,2.358471648767590523e-02,1.262673869729042109e-01,1.995538733899593353e-01,6.141417510807514052e-02,-5.711019113659858426e-02,4.389307368546724319e-02,-7.920186035335063934e-03,1.254229205660522053e-02,1.256082586944103352e-01,2.215624777891207417e-02,-5.515966266393661221e-02,1.217702165246009882e-01,-5.615791939198970517e-02,9.056750498712062836e-02,2.087793320417404286e-01,1.343651093542575781e-01,1.136108495295047732e-01,-1.577928885817527771e-01,2.543067798018455727e-01,6.838650465942919601e-03,2.377901926636695751e-01,-1.924898624420166016e-01,1.863535110314842175e-02,6.333029977977275293e-02,8.477142974734305780e-02,1.473941132426261902e-01,-4.531234204769134244e-02,3.213680670596659461e-02,-1.113975860178470639e-01,1.232465170323848724e-02,3.786103837192058424e-02
-3.984145261347294201e-03,-7.548759728670120794e-02,1.691229030489921625e-01,2.008368968963623047e-01,-9.272951632738113403e-02,9.740236476063728055e-02,-5.789805464446544370e-02,-1.584812417626380865e-01,-3.745562210679054260e-02,-1.517353087663650402e-01,-1.932641118764877319e-01,4.439712524414062278e-01,7.844376713037490290e-02,1.724288076162338312e-01,-6.963687464594840726e-02,-1.874076679348945507e-01,-1.446372776990756392e-02,7.868048772215843756e-02,-8.843111917376518527e-02,-2.757618203759193420e-01,3.625085568055510382e-02,4.840467975009232413e-03,-5.033010303974151389e-01,1.884451955556869576e-02,1.833447217941284180e-01,1.413106098771095276e-01,2.224079012870788519e-01,-5.324742347002029419e-01,-1.410638861358165796e-01,5.017042360268533091e-02,1.283174216747283991e-01,2.061254195868968825e-02,1.215077519416809110e-01,-9.791526943445205688e-02,5.285440623993053815e-04,5.370400771498680392e-02,1.485635429620742742e-01,-5.901871383190154807e-01,5.930233933031558990e-02,-1.051274113357067164e-01,-3.210609536617994170e-02,9.389570355415344238e-02,-8.693991601467132568e-02,2.749467846006154945e-02,2.203630795702338219e-02,-5.225985981523990909e-02,9.628516435623168945e-02,-5.013947291299700876e-02,1.717700786888599340e-01,-1.135635711252689362e-01,-2.169379591941833583e-03,2.887508105486631324e-02,2.364771127700805720e-01,1.183646641671657618e-01,1.029606670141220148e-01,-4.188646167516708596e-01,-3.025170743465423473e-01,2.184758365154266246e-01,4.808302223682403564e-01,1.118530236184596960e-01,2.301323056221008245e-01,2.270127475261688177e-01,-1.606357350246980648e-02,-1.425174772739410400e-01,1.134638264775276184e-01,1.777523711323737987e-01,2.785177137702703545e-02,1.055811420083045959e-01,-1.791709214448928833e-01,3.388400338590145250e-02,-1.014281310141086634e-01,4.750226773321628709e-02,1.719230469316244125e-01,-1.176585415378212859e-02,-2.518216565251350514e-01,-7.691479250788688105e-02,1.720195010304451100e-01,1.013622842729091644e-01,3.603470623493194858e-02,-1.486352503299713246e-01,2.350596010684967152e-01,1.132803782820701599e-01,-4.206713773310184756e-02,-8.760609850287437439e-02,1.367636926472187153e-01,5.158285945653915544e-02,-1.159271158277988406e-01,-1.274963549803942550e-04,4.469567865133285411e-01,1.480407506227493231e-01,-3.188876315951347240e-01,-2.742777746170759270e-02,5.473433770239353319e-02,-4.534969413653015813e-02,-2.818853378295898549e-01,-1.026392847299575778e-01,-7.818639017641544620e-02,1.358171612024307306e-01,-4.087568014860153420e-01,-6.048985980451106886e-02,3.144446387887001038e-02,1.696637153625488170e-01,4.566188275814056508e-01,6.014635041356086731e-02,1.897524505853653010e-01,1.506803687661886250e-02,1.116399012506008176e-01,1.365167163312435150e-01,-1.549335151910781749e-01,-6.478889808058738153e-02,-1.250563067151233554e-02,6.383405290544033606e-02,5.543017424643039565e-02,-1.376384943723678658e-02,5.005357488989829740e-02,4.469749510288238414e-01,5.031442075967789140e-01,2.618475630879402161e-01,-9.039034694433212280e-02,-8.382848575711250583e-02,2.070319458842277416e-01,-1.404494181275367792e-01,-8.118434548377991000e-02,-2.802574075758457184e-02,3.000365174375474453e-02,1.467013739049434773e-01,1.182333722710609408e-01,1.589605391025543102e-01
5.529607981443405290e-02,3.058893568813800951e-02,4.111374437343329191e-05,-8.289798349142074585e-02,-8.608812838792800903e-02,1.424141812603920733e-02,2.510660863481462175e-03,-1.189254648983478491e-01,-2.107604762131813983e-02,1.042613888857886126e-02,-9.073484688997268677e-02,1.380393780767917578e-01,5.820896048098802428e-02,-2.060207128524780273e-01,-6.122662667185067853e-02,-9.639070406556130011e-02,-4.339772798120975633e-02,1.552313826978206704e-02,-1.640050117566715926e-02,-1.328590087592601832e-01,-6.031095597427338709e-03,1.014482893049716977e-01,1.702347010374069269e-01,1.286859624087810449e-05,3.097431175410747528e-02,-1.395046496763825347e-02,3.261001938953995982e-02,-1.053967416286468450e-01,1.637870155274868122e-01,6.266797445714474002e-02,-5.568456213222816413e-03,-6.684443284757435495e-03,-7.207775712013245184e-02,6.726497411727905273e-02,-4.474136605858802795e-02,-4.027998875826597353e-02,-3.545833937823772430e-02,2.247215057723224094e-02,4.356871107593178472e-02,1.462293308577500284e-02,-1.252601914107799586e-01,1.446469128131866455e-01,1.487287312746047863e-01,5.470118708908557753e-02,4.841783847659826556e-02,-3.588796883821487316e-01,1.063445806503295898e-01,-2.787250536493957043e-02,-2.592097654938697593e-01,1.042541586793959210e-02,-8.129872381687164307e-02,-4.956332370638847490e-02,3.153172591701149802e-02,-1.119979761540889768e-01,1.077175907790660914e-01,-5.074684411287307961e-01,-7.263343870639801247e-01,8.386054486036301214e-02,-2.947773531079292408e-01,1.274218403268605540e-02,2.160004179895622795e-02,-3.296336866915226121e-02,4.814849290996790071e-02,1.569389104843139648e-01,-5.242083594202995300e-02,-3.798042573034763475e-02,1.711995713412761688e-02,8.358327783644199649e-02,1.301306784152984619e-01,4.697891790419817318e-03,-1.368055067956447657e-01,1.375476963818073328e-01,1.841508038341999054e-01,6.149741262197494507e-02,1.070541106164455379e-02,5.445790700614452223e-02,7.375181019306183139e-02,2.392725888639688631e-02,-1.914286807179451100e-01,-9.215902106370776545e-03,1.943111168220639298e-02,2.773373783566057682e-02,8.885833770036696833e-02,-8.372886627912520807e-02,7.504130676388739984e-02,-6.200643405318260332e-02,1.199279520660638879e-02,4.807286225259303769e-02,3.827223277185112099e-02,1.980274794623255660e-02,-1.234321743249893188e-01,9.516458660364150723e-02,-8.674197420477866571e-02,2.917046961374581034e-03,-4.417795568704604992e-01,5.322556272149085721e-02,3.705978980287909230e-02,-3.354128878563642641e-02,-2.400924339890480042e-01,3.587007732130587101e-02,-1.689405617071315646e-02,-2.805067356675863127e-02,-1.305474953260272672e-02,-8.129834383726119995e-02,6.318247134913690822e-04,5.823524594306946078e-02,5.717343538999557218e-02,-5.073900297284126421e-02,-4.706612601876258850e-02,-1.783743966370820999e-02,2.771168276667594979e-02,9.889728501439094821e-02,2.411807244643569131e-02,-6.863590760622173895e-03,5.257749371230602264e-02,-6.953274905681610107e-01,-1.792981568723917007e-02,4.745159484446048737e-02,1.699422597885131836e-01,-4.512551836669444899e-02,-1.315571360290050396e-01,-7.378644980490207950e-02,4.005718417465686798e-02,-6.867431849241256714e-02,5.650573119055479765e-03,-2.019316720252390882e-02,-1.744035901501774649e-02,-5.997936241328716278e-02
-1.140611454844474848e-01,-9.240001649595796715e-03,-1.839289742056280513e-02,-7.613603770732879639e-02,1.040025129914283752e-01,-8.677401323802768837e-03,4.937565475702285905e-02,3.742270468501374212e-03,5.584897529333830019e-02,6.021083444356918613e-02,-1.428499221801757812e-01,5.921795293688773831e-02,-2.025317819789052010e-02,4.427904486656188965e-01,1.583496317267417963e-01,6.135100796818733493e-02,1.978566929697990473e-01,-1.447567716240882874e-02,2.174235712736844947e-02,-1.188770957291126196e-01,6.150575056672095975e-02,8.294106349349021634e-02,1.110473994165658979e-01,5.082747396081686159e-02,-8.998864889144897461e-02,6.887757778167724609e-02,6.132916789501905580e-02,-5.375068604946136031e-01,-1.192434713244438227e-01,-5.941041354089975079e-02,1.105917878448963165e-01,-5.239548310637474199e-02,5.465200580656528334e-02,-2.378946542739868164e-02,-1.101536087691783877e-01,7.477220073342323581e-02,-3.694026827812194602e-01,2.896913830190896849e-02,2.002118965610861709e-02,-2.606612658128142426e-02,1.967783451080322155e-01,1.147338747978210449e-02,-1.209394268691539737e-01,4.692422281950712343e-02,2.461262913420796464e-02,-4.606234248494729677e-02,-7.577410340309143066e-02,8.751290887594223578e-02,1.260493956506252289e-01,6.748725585639477054e-02,1.115333326160907745e-01,1.019734710454940768e-01,7.795491488650441170e-03,1.791424304246902466e-01,-5.537384778261185136e-01,-3.749573462409898361e-02,-3.142933852504938702e-02,-8.717676997184753418e-02,-3.326237261295318381e-01,-1.208500199019908877e-01,3.818934932351112505e-02,-3.766093347221612792e-02,5.611488409340381622e-02,-3.134757280349731445e-03,-1.501160413026809692e-01,-1.730300635099411011e-01,1.266212463378906250e-01,3.807917609810829163e-02,-3.092017769813537598e-02,-1.383243009448051342e-01,7.061076536774635315e-02,-3.390716183930635175e-02,-4.593523710966110341e-01,9.447444379329680841e-02,-3.234665608033537865e-02,-1.599850997328758351e-01,1.094947345554828644e-01,5.636491589248180528e-02,3.427808821201324685e-01,6.130687296390533586e-02,1.087622600607573986e-02,-1.862219363451003973e-01,-6.694245710968971252e-02,8.811531439423561651e-02,-1.148291885852813776e-01,1.722974502481520315e-02,-1.934869559481739928e-02,3.393944967538118501e-02,-2.191253617405891363e-01,-1.972573567181825499e-02,-9.719548001885414124e-02,-1.273901656270027272e-01,-1.156837344169616699e-01,5.971557646989822388e-02,-2.490875422954559326e-01,-2.215983718633651733e-02,6.915732380002737045e-02,7.925472036004066467e-02,3.462090760469436757e-01,-2.530102469027042250e-02,-1.140147365629673032e-01,6.310619302093982419e-02,4.291440844535827914e-02,-1.358301751315593719e-02,-6.992041841149329584e-02,-2.982150092720985482e-02,4.215730093419552127e-02,2.233433034271001955e-02,1.074992768466472570e-01,3.309424011968076316e-03,1.061098452657461139e-01,1.059397876262664767e-01,1.189167085103690590e-02,-7.131301909685135165e-02,9.656095653772353571e-02,2.043602153658866938e-01,-5.117937564849853738e-01,-1.295982912182807867e-01,3.532011806964874268e-02,1.752574265003204457e-01,1.089214511215686743e-01,1.331145562231540735e-01,-7.604676634073256891e-02,3.956854436546564102e-02,-6.614035781240090294e-04,-5.545500237494706969e-02,1.501924199983477662e-02,8.817958086729049683e-02
7.285697758197784424e-02,-5.311166159808635573e-02,5.967322885990142961e-02,-1.644609570503234863e-01,3.312351927161216736e-02,-2.785521559417247772e-02,1.136866938904859160e-02,1.096625216305255890e-01,1.525853695347905228e-02,-1.097714118659496307e-01,-5.248005688190460205e-02,-2.016556710004806519e-01,2.746117394417524425e-03,-4.017952889204025047e-01,-3.891919255256652554e-02,1.151882782578468323e-01,9.504761477001012066e-03,-7.765648961067199429e-02,-4.056414812803268433e-01,-1.408153936266899053e-01,1.689667969942093007e-01,4.658783078193664412e-02,3.666822686791419983e-01,3.677875176072120580e-03,-1.782216131687164307e-01,-7.856884934008120935e-02,-5.740667730569839339e-02,-2.894274532794952615e-01,-3.159800514578819386e-01,-1.600788026116788457e-02,7.630702368915080747e-02,8.758213669061661044e-02,-2.724287603050470213e-02,1.299132108688354492e-01,-3.223802726715803424e-02,4.765935093164443831e-02,-1.022534027695655851e-01,2.415966227650642451e-01,1.186024758135317825e-02,-4.413817096501589099e-02,-5.613291449844837189e-02,-9.119942039251327515e-02,5.658250413835048953e-02,-9.155742675065994818e-02,7.583814226090908328e-02,1.040999710559844943e-01,1.042805910110473633e-01,-4.639443606138229231e-02,-5.141131896525621275e-02,1.429827205836772808e-01,-3.768896367400884767e-02,5.165111646056175232e-02,-4.163885749876498898e-02,3.543524090200662890e-02,1.401730038225650898e-01,-2.736637510359287151e-01,-1.753605931298807263e-03,2.071743234992027421e-02,1.926262214779853876e-01,-3.125123810023069243e-02,-6.914127580821513575e-02,-1.032580487430095617e-01,-1.583669002866372466e-02,9.921151399612426758e-02,1.840162128210067749e-01,4.663551300764083585e-02,8.715399578213692267e-02,-1.078475162386894198e-01,1.221128106117248535e-01,-3.945660553872585435e-02,1.003127153962850640e-02,1.322512447834015004e-01,-5.055167227983474731e-01,-1.027302376925945254e-01,3.706997901201248280e-01,1.001307524740695926e-01,4.892951771616935869e-02,-3.190237153321504732e-02,-3.194653941318392580e-03,-3.337744742631912342e-01,1.466911262832581997e-02,2.393934562802314814e-01,-1.426505008712410962e-02,-3.193170083686709682e-02,5.489633157849312106e-02,-3.436111547052859982e-02,-1.155654653906822149e-01,3.997420184314250807e-02,2.151541247963905390e-01,8.676120154559611997e-02,-4.469095706939697488e-01,-4.347374849021434784e-02,-1.878796303644776275e-02,2.777748238295316835e-02,1.838630467653274425e-01,-1.350327074527740423e-01,-2.086589321494102534e-01,2.915109097957611223e-02,2.094622194766998236e-01,-7.232042914256453514e-02,1.981814950704574585e-02,-3.746619098819792271e-03,-1.777588931145146489e-02,1.782885044813156128e-01,1.068742364645004217e-01,-1.330164462327957098e-01,6.096377968788146973e-02,2.561085894703864912e-02,9.004500284790992182e-02,2.986771576106548448e-02,9.578980132937431335e-02,-7.261865213513374329e-02,-6.195194876636378294e-03,1.260147593915462438e-01,1.080291830003261566e-01,1.459660798311233632e-01,-3.645080031128600326e-03,2.949336171150207520e-02,-1.723167449235916138e-01,-3.916152179241180198e-01,-7.681414484977722168e-02,-7.100075371563434323e-02,1.594799517188221286e-02,-3.647847697138786177e-02,7.746630907058715473e-03,4.313569329679012299e-02,-2.088629086501896451e-02,7.725817486643790644e-02
2.754867514595389297e-02,6.166710422985488375e-03,5.420165993273258487e-02,-5.058154463768005371e-03,-8.247499912977218628e-02,1.120373122394085000e-02,-3.061518998583778652e-03,5.858395118266344209e-02,-4.429565146565437456e-02,-5.846614658366888762e-04,-4.938103258609771729e-02,-5.419498141855001727e-02,9.636785052716731470e-02,-7.465998604893683832e-02,-4.020876586437225481e-02,1.028209351003170069e-01,-3.130066618323325972e-02,-2.729893550276756356e-02,4.470508312806487083e-03,4.552329028956592256e-03,1.084384972928091953e-02,-1.179295659065246610e-01,3.592722639441490312e-02,1.866812496446073125e-02,-7.138527184724807739e-02,-5.927440002560615401e-02,7.442721873521804254e-02,4.550720714032650133e-02,2.772038146853447182e-01,1.020357016474008616e-01,-2.494350420311093261e-02,-2.759137004613876343e-02,9.171416908502579013e-02,2.197580039501190186e-02,-9.411452785134315213e-02,-7.261478900909423828e-02,6.460824199020862024e-02,-1.755900233983993530e-01,-1.373097553150728380e-02,-1.247840118594467640e-04,-6.539248228073120395e-02,-1.481166929006576538e-01,3.406173326075077196e-02,1.164378216490149533e-02,-6.606865152716637213e-02,-2.701649948954581992e-01,-1.093461215496063232e-01,3.556686308002099395e-03,-1.661591842770576422e-01,5.383944436907768527e-02,-1.745864916592836449e-02,-4.987395703792572160e-02,-6.909340322017669400e-02,-3.950621634721755704e-02,2.024853482842445263e-01,-6.539782881736755371e-02,-1.024322733283042908e-01,-1.917587118223309378e-02,-2.483910366892814747e-01,7.954136952757835666e-02,2.349885394796729157e-02,-5.273824147880077501e-02,-2.638307287124917050e-02,-1.173508465290069580e-01,-1.820183694362640381e-01,-2.898500598967075279e-02,-2.753649968653917174e-02,-3.109315307810902457e-02,1.622952520847320557e-02,1.180563792586326599e-01,-8.270784988999366205e-02,3.793244268745184222e-02,-6.585332453250885010e-01,1.025092862546443939e-01,-2.447747081518173162e-01,-1.127332359552383478e-01,-2.845838144421577315e-02,1.970624784007668495e-02,-2.946046009659767373e-01,-3.333288952708244463e-02,3.071120604872703413e-02,-3.141239225864410622e-01,6.586297415196895599e-02,-8.360161539167165409e-03,9.464684873819351196e-02,-7.179072760045528134e-02,6.366726383566856384e-02,-1.378513192757964065e-02,-1.537175504963670357e-02,1.636341977864503791e-02,4.885333813726901869e-02,1.102087393403053256e-01,-3.584635965526104112e-02,-2.344601927325129422e-03,2.428265333175659291e-01,6.943024718202650894e-03,-1.036928799003362656e-01,2.388277798891067644e-02,4.270505398511886819e-01,-9.715155046433211067e-03,2.089401031844317913e-02,5.834000296890735904e-02,9.035072959959507266e-02,-8.958321809768676758e-02,-5.383358728140592853e-02,1.667061438784003119e-02,-3.710754954954609448e-03,3.617398235946893414e-02,3.970571702811866860e-02,-2.420334995258599520e-02,3.465115297585726062e-02,4.004354849457740506e-02,-1.615399606816936284e-02,-4.655082412064075192e-02,-3.837695345282554626e-02,-1.705748051404953058e-01,-2.184017539024352972e-01,2.534134536981582503e-02,-6.939929723739624023e-02,-3.452695291489362578e-02,-9.380709081888198575e-02,-4.721713103353977065e-02,9.235799827729351472e-03,-5.449180193245410642e-02,3.495690273120999423e-03,-2.615026738494634698e-02,3.774666832759976300e-03,1.946898009628057410e-02
-1.028442896902561215e-01,4.275096071069128811e-03,9.357049986720085422e-02,-1.547816693782806396e-01,-9.713792055845260620e-02,1.233949779998511119e-03,-5.654290434904396534e-04,-6.719406396150588712e-02,3.329251334071159363e-02,6.662496598437428474e-04,-1.572850495576858521e-01,-1.051164183765649768e-01,-2.669983291998505662e-02,9.807190299034118652e-02,8.066846057772636414e-04,1.251480288803577534e-01,-3.350716456770896912e-02,1.010232098400592748e-01,1.621746495366096358e-02,3.037590622901916726e-01,8.608389459550381401e-03,6.544775404036044797e-02,-1.208680756390094757e-01,-1.950481091917026857e-02,1.099562123417854309e-01,-7.945771291851996820e-02,4.270823281258344373e-02,-2.531845539808273426e-01,-2.906333077698946069e-02,5.052815075032412572e-04,4.470210019499063631e-02,-1.028313198185060260e-03,-1.093427382409572629e-01,1.709404289722442627e-01,-7.372739622951485000e-04,2.346461138222366485e-03,-5.488911010324955264e-02,-5.623414404690265517e-02,-8.048693165183067044e-02,1.062382813543081249e-02,-2.192871067672967980e-02,-1.218669638037681580e-01,-6.704603951948229397e-03,-1.311747201252728631e-02,-6.203015446662903110e-02,-4.909018412232398765e-01,7.397666573524475098e-02,8.387090009637176297e-03,1.628253848903114115e-02,3.626784164225682616e-03,-1.242460530920652673e-02,9.930572836310602725e-03,4.073797482997178893e-02,7.120270393788814822e-02,-1.131476171314716311e-01,-1.775991693139076233e-01,4.763437975198030194e-02,8.492190502583980838e-02,3.902049571275710838e-01,1.183848045766353607e-01,8.570173149928450237e-03,-7.245769631117582668e-03,-2.377448887564241956e-02,-7.227890193462371826e-02,-1.006141379475593567e-01,-4.165865029208361964e-02,-1.187791211996227538e-02,8.658382296562194824e-02,-8.251312375068664551e-02,4.564356952905655046e-02,1.083610311150550870e-01,1.061310008168220576e-01,1.445772439241409246e-01,-7.011049054563045502e-02,-2.272655755281448309e-01,4.248820394277572771e-02,-2.508332887664437363e-02,-1.579379392787814279e-02,-7.022022232413291376e-02,4.798388443887233873e-02,-3.871481232345104495e-02,2.047515869140625056e-01,1.040372394025325803e-01,2.348488658899441223e-02,-6.453493274748325903e-02,1.931616291403770447e-02,-3.502949960529803952e-02,4.757871143519878249e-02,2.311811208724975641e-01,1.008125767111778259e-01,-1.028349816799163791e-01,5.720438348362222314e-03,5.260893329977989197e-02,8.927307455451228158e-04,1.861706793308258168e-01,6.040356270968914171e-02,-1.935086861252784673e-01,5.281094908714294156e-02,-7.976050302386283875e-02,-5.579620227217674255e-02,-2.615037830546498160e-02,-5.098626483231782913e-03,-8.025345727801322382e-02,-1.245549470186233521e-01,1.640927419066429138e-02,-1.172357469797134372e-01,-1.332183435559272655e-01,3.943152111023664336e-02,-2.261501789325848222e-02,-5.900906887836754669e-03,-2.846158463507890771e-02,-1.278610371053218731e-01,1.878838911652564933e-02,6.175610162317753116e-02,-7.702421173453330439e-02,-2.285753056406974737e-01,7.269242070615292151e-02,-6.390879452228545587e-02,-1.224628016352653503e-01,8.750463312026113272e-03,-8.641469478607177734e-02,1.861033570021390984e-02,5.514256507158279280e-02,4.615483582019806047e-02,6.707460305187850844e-03,-5.072159832343459476e-03,-3.157303066109307024e-03,5.014435499906540195e-02
-2.558757923543453217e-02,-1.442613259423524211e-02,-4.672252591699362079e-02,9.949979186058044434e-02,-5.146952811628580093e-03,2.150731310248375078e-02,-9.203923912718892791e-03,1.102504424750804929e-01,-4.607297014445066452e-02,-3.623150549829005918e-02,-1.445212960243225098e-01,-1.495595753192901500e-01,-3.095904202200472528e-03,-1.617315426468849127e-01,2.947648015106096864e-02,-1.595525801181793268e-01,2.129432242363691469e-02,-3.875544555485248288e-02,-1.209780564531683957e-02,6.729050986468791684e-02,-7.813227176666260460e-03,2.831851281225681444e-02,-2.102450355887413025e-01,1.635694134165532887e-02,-9.270032495260238647e-02,-1.937479102052748134e-02,3.416417911648750305e-02,8.850788921117783148e-02,-3.584061488509178439e-02,3.082226915284991438e-03,-1.706996811553835799e-02,-8.923313170671462458e-02,6.745586991310119351e-02,-1.238712742924690247e-01,2.057400066405534744e-02,-1.938261042232625100e-03,4.219627979910001332e-03,1.944786697276867969e-03,-6.936985775828360956e-02,5.246519614011049132e-02,3.650874234735965868e-02,-1.152360811829566956e-01,1.254465747624635731e-02,9.322349578142166693e-02,4.292337615042925159e-02,-8.993252329528331201e-02,-1.737097501754760742e-01,-5.098597286269069065e-03,-1.148537814617156955e-01,-5.758243380114436150e-03,2.762721553444862435e-02,5.989690795540809909e-02,6.969381272792815607e-02,8.770215362310410101e-02,5.025548376142978391e-02,2.365368261933326610e-01,-2.761986292898655111e-03,-1.644054542921367240e-02,-5.458768934011459795e-01,7.053518334578257401e-03,-1.217632770538330106e-01,6.363975964486598413e-02,-2.228114730678498832e-03,-1.011585518717765808e-01,1.982505470514297485e-01,4.118678160011768341e-02,1.430277759209275289e-03,5.666112862527370592e-02,-7.028788328170776367e-02,6.196264587342738966e-02,1.374470695853233226e-01,-9.902737243101001133e-03,2.383552968502044567e-01,1.903639526572078328e-02,-5.389612466096878052e-01,5.828728079795837680e-02,-3.395820949226617536e-02,-7.632269822352100164e-03,-2.609998360276222229e-01,4.266063868999481201e-02,-5.871321931481361667e-02,3.471596881747245900e-01,-2.977015003561973502e-02,-2.203592957812361419e-03,5.229830509051680565e-03,-7.095445424783975059e-03,-3.127253782004117688e-02,-5.298579111695289612e-02,6.373653076589107236e-02,7.232032865285872858e-02,2.274432010017335415e-02,1.125391386449337006e-01,2.608041688799857954e-02,1.868917403044179082e-03,1.255137734115123749e-01,2.135832030326128075e-02,-8.541271090507507324e-02,-6.699671491514891213e-03,1.565185293555259594e-01,-6.700018290430306833e-02,-2.839041156694293092e-02,6.303662750869989950e-02,-4.840379327535629383e-01,-1.550708115100860596e-01,1.249116785824298803e-01,-5.809432305395603041e-02,-2.986069861799478531e-02,-1.589925647294876399e-03,2.490189792588353226e-02,6.704962009098380978e-03,2.662875317037105560e-02,1.360839121043682098e-01,1.547410450875759055e-02,3.598673287779093066e-02,-6.110987551510334292e-02,-4.259952623397111719e-03,-4.616860151290893555e-01,5.629169605672359328e-02,-1.669291704893112183e-01,-1.673492435365915229e-02,6.669532582163810452e-02,-1.512859826907515456e-02,1.350217644649092177e-02,5.581899322569370409e-02,6.748747155070304593e-02,-8.347684843465685497e-03,3.009854650008492085e-03,-4.822382154816296125e-03
1.579400017857551519e-01,1.327081285417079926e-01,1.287892021238803975e-01,3.532676398754119873e-02,-1.858300864696502686e-01,-1.592817917466163580e-01,-2.067200051387772103e-02,-1.558121112175285886e-02,1.142820961773395594e-01,-1.591973006725311279e-01,-6.139163672924041748e-02,-3.157696023583412281e-01,-3.100312873721122828e-03,6.074016254860907515e-02,-1.351961478590965327e-01,1.113575227558612768e-01,1.455804046709090541e-02,-1.022921621799468966e-01,1.022544234991073636e-01,1.623346353881061077e-02,-3.377100914716720803e-01,1.561630442738533020e-01,-5.293297231197356956e-01,-3.543109260499477386e-02,9.739610552787780762e-02,5.145364608615636548e-02,-1.143021255731582614e-01,-3.702069241553544721e-02,-3.739379523321986060e-02,9.272836968302726468e-02,-2.384215615893481473e-03,-3.656464274972677508e-02,-8.717307075858116150e-02,3.275658190250396729e-02,1.548526823520660345e-01,2.460158690810203552e-01,-3.693858265876769909e-01,-1.659475833177566639e-01,2.833566945046186308e-02,-5.464424597448669374e-03,-4.905348271131515503e-02,-1.972109824419021606e-01,8.465399071574211676e-02,6.514500528573989591e-02,-3.351628482341766080e-02,-3.197760051116347452e-02,3.287643194198608398e-03,-4.955185540020465990e-02,4.211548537015915028e-01,4.158732630312442918e-02,-5.870490483939647813e-02,-1.037521377205848638e-01,1.171676809899508884e-02,-1.768284984864294460e-02,4.355562150478363148e-01,3.118255347013473289e-01,-5.757345616817474143e-01,-3.496570717543363849e-02,-2.351900234818458668e-01,7.734652683138847074e-02,-6.765240646200254386e-03,1.602943211793899647e-01,-1.774177633924409886e-02,1.444181799888610840e-02,4.138610512018203735e-02,1.366536036133766119e-01,-1.692540183663368281e-01,6.538822166621685583e-02,1.588593125343322754e-01,-6.705147889442741524e-03,1.014851689338684138e-01,8.115013986825943271e-02,-3.444584727287292591e-01,1.109765589237213107e-01,5.059845570940524204e-05,4.791512452065944949e-02,-1.322549760341644176e-01,-1.409312471747398432e-01,-1.535625278949737660e-01,-3.019979149103164673e-01,6.399692073464394171e-02,-5.116526395082473533e-01,8.441346436738968173e-02,-7.842299633193761804e-03,8.539822995662689487e-02,2.634580443846061895e-02,-5.168527215719222884e-02,-6.458745263516903201e-02,-2.091483801603317150e-01,-2.413498293608427187e-02,2.491560066118836403e-02,-2.768973875790834566e-02,1.991857632994651905e-01,-6.354253850877285281e-02,-7.603984884917736053e-02,-4.497167207300663272e-02,-5.398396492004394753e-01,1.602851882576942499e-01,-1.415997587144374736e-01,-1.398346446454525049e-01,1.073897577822208460e-01,9.790341109037399570e-02,2.046760395169258118e-01,8.091672509908676147e-02,-6.989015042781829279e-02,-8.632193878293037415e-02,1.116228592582046942e-03,2.666406324133276801e-02,-1.025438010692596436e-01,-5.973695271095493670e-02,9.697205871343612948e-02,1.713439866900444142e-01,-1.371036760509014019e-01,-5.668729990720748624e-02,-8.232320472598075867e-02,-1.015104558318853378e-01,-1.139238607138395309e-01,-1.272141322493553217e-01,-1.810522228479385376e-01,1.803340345621108898e-01,9.268234744668006619e-02,-1.456941403448581696e-01,1.260612159967422485e-01,-4.332896247506141940e-02,-7.988865599036217013e-02,1.289910383522510640e-01,7.853198610246181488e-02,8.618812263011932373e-02
2.572860047221183638e-02,-3.205008149147033913e-01,1.053600274026393890e-01,-6.376120448112487793e-02,-9.128903597593307495e-02,1.954123049974441639e-01,3.934982329607009666e-01,6.508403606712817591e-02,-2.560399159789085166e-01,1.653901398181915339e-01,4.436121881008148193e-02,1.426969217136502335e-02,6.753524094820022305e-02,-1.085506245493888799e-01,3.360756725072860940e-01,9.755943715572357178e-02,8.866982758045197088e-02,-1.267602760344743729e-02,-3.587696850299835205e-01,1.021574229001998846e-01,7.418271601200103760e-01,7.839799299836158752e-02,-1.986398547887802124e-01,2.262229770421981812e-01,5.767624080181121826e-02,2.078717082738876232e-01,9.826584085822105685e-02,-3.202282622456550376e-01,4.954987771343440095e-02,-1.097362312953919228e-01,1.639751479029655512e-01,-8.298213779926300049e-02,1.654083028435707203e-01,-1.154503300786018372e-01,-2.545245781540870778e-01,-2.265529155731201283e-01,4.801582470536232272e-02,6.931283352896570882e-02,1.018264904618263189e-01,-1.449405752122402136e-01,2.376390442252159230e-01,5.384430289268493652e-02,1.235198616981506292e-01,-2.005783930420875494e-01,2.245999518781900336e-02,6.389215407543816228e-02,-8.937308937311172485e-02,8.066420694813132564e-02,-4.884750247001647949e-01,1.509458765387535206e-01,-1.158848039805889102e-01,5.471921786665916165e-02,-1.909282490611076410e-01,8.850896134972571772e-02,-7.340472400188445823e-01,4.613963335752487294e-01,-1.759375408291816711e-01,1.733830347657203674e-01,-1.503660706803202629e-01,4.902245588600635806e-02,-1.385404869914054760e-01,2.520533287897706171e-02,-1.714449904859066121e-01,-1.804405450820922852e-02,6.598455458879470825e-02,1.412274539470672607e-01,-4.097552169114351134e-02,3.565932288765907149e-02,1.975892484188079834e-02,3.085393616929650237e-02,1.212205305695533697e-01,-1.219162620604038183e-01,4.123742030933499197e-02,-8.053977862000465116e-02,-1.731335356831550654e-01,1.613169535994529724e-01,-1.987043589353561512e-01,6.373709701001643857e-02,6.898740082979201715e-02,-3.589060887694358604e-01,3.628930561244488040e-02,-1.811210423707962092e-01,-1.749253600835800060e-01,-6.700513809919357577e-02,8.551061227917670926e-02,5.957472641021013121e-02,1.089997060596942929e-01,1.038434758782386808e-01,-1.261239007115363964e-01,-6.266534179449081976e-02,-6.834810841828584116e-02,1.371573209762573242e-01,-1.113031446933746282e-01,-3.651017785072326882e-01,-1.742967411875724904e-01,-1.659665793180465643e-01,-1.709088529460132261e-02,-4.738801494240760942e-02,3.682995408773422352e-01,6.886550746858119409e-02,-2.141547828912734874e-01,-1.886028721928596497e-01,2.550824359059333801e-01,-2.043462097644805908e-01,-1.529816359281540028e-01,1.271075621247291509e-01,-4.420652091503143172e-02,2.032860764302313328e-02,1.391004778444767109e-01,8.185745067894459326e-02,-7.235659579746425707e-02,-2.480064034461975098e-01,2.343409955501556396e-01,1.150492049753665952e-01,2.950870078057050636e-02,-4.502819995395838937e-02,6.245688199996948242e-01,1.622739389538764843e-01,-2.209386229515075684e-02,-3.491341047920286378e-02,4.917908273637294769e-02,3.290383487939834706e-01,-2.413123130798339733e-01,1.967190429568290710e-01,5.986928492784500400e-02,-8.081944361329078397e-02,2.203729391098022405e-01,-9.575094357132911405e-02
-1.196814365684986115e-01,8.384798616170882624e-02,1.060752913355827304e-01,1.796171069145202637e-01,-1.437333077192306519e-01,1.733757987618446406e-01,1.781452916562557276e-01,1.102893665432929937e-01,5.829851431772112985e-02,5.548101142048835616e-02,-5.578880012035369873e-02,-2.909428000450134388e-01,1.336005660705268452e-02,-4.105422177817672630e-02,-1.133737541735172216e-01,-1.119973108172416659e-01,1.863400116562843323e-01,-6.985045745968818109e-02,4.787339985370636097e-01,-2.915294885635376088e-01,-4.949952214956283569e-01,1.397459357976913452e-01,3.194219484925270303e-01,2.365297172218561172e-03,-1.780902743339538574e-01,6.540492996573447904e-02,-1.143743887543678256e-01,2.278725475072860829e-01,-1.987071081995964161e-01,1.376330073922872599e-01,-4.866891093552112857e-02,-1.127195857465267126e-01,1.038902737200260162e-01,-1.953332573175430298e-01,-1.553165256977081243e-01,-2.695035323500633018e-01,-4.660620512440800944e-02,1.826544687151908930e-01,-3.098806361667811801e-02,9.224192351102829257e-02,9.436620920896529596e-02,9.976583719253540039e-02,-8.059535473585129062e-02,6.803619042038917819e-02,-6.474556252360344488e-02,-2.195005267858505249e-01,7.864502072334289551e-02,-2.858766079880297253e-02,4.227967292070388683e-01,-8.633609004318713864e-02,1.298757582902908270e-01,-1.514064550399780162e-01,-7.487210631370544434e-02,-7.844319865107536593e-02,-7.341351406648754900e-03,-2.360514085739851171e-03,-1.151629701256751959e-01,8.361725583672523221e-02,-1.061365246772766058e-01,6.996102444827556437e-03,1.167071275413036346e-01,1.769899398088455311e-01,4.219103836221620163e-02,-9.085010737180709839e-02,1.060153320431709290e-01,-3.573019895702600479e-02,1.628385365009307750e-01,1.288277521729469244e-01,-1.352694630622863770e-01,-9.966313256882131100e-03,-1.398330986499786432e-01,-2.595696244388818671e-02,-9.348392733372748453e-02,1.898018330335617121e-01,-2.309407189488411061e-01,9.011656418442726135e-02,9.055452793836593628e-02,-1.433141693472862188e-01,7.805991709232330544e-01,-3.589562386274337547e-01,1.482068717479705922e-01,2.523355916142463462e-01,-1.016758389770984622e-01,1.086358353495597839e-01,-6.534896828234196264e-02,1.782781301881186664e-02,-1.167811639606952667e-01,-3.361369315534830371e-02,2.077034235000610463e-01,-1.611649245023727417e-01,-3.876163899898529275e-01,8.035018891096115667e-02,-3.286000490188598772e-02,-1.285521924495696966e-01,5.095248827710747996e-02,9.382935017347335260e-02,5.525016691535711288e-02,1.804815400391817162e-02,-3.066488876938819885e-01,5.852539278566837311e-02,4.414828289300203046e-02,1.147146977484226199e-01,2.341563254594802856e-02,-1.846999228000640869e-01,-4.729337804019451141e-02,1.447289079427719061e-01,1.272667057812214009e-01,1.319155313074588665e-01,1.523658290505409130e-01,-3.212093729525804242e-02,-2.418359935283661000e-01,-1.131165340542793218e-01,9.849403202533721369e-02,-1.262657038867473491e-01,-2.026417195796966497e-01,-1.091649077832698850e-01,-3.762683302164077648e-01,-1.164071381092071505e-01,8.556196093559265137e-02,-2.133937865495681707e-01,9.129980355501174372e-02,7.932885289192199985e-02,4.927743189036846300e-02,-1.082300357520580292e-01,1.270859740674495642e-01,1.721083961427211650e-01,-1.195220649242401123e-01,-2.909112796187400887e-02
1.357624858617782482e-01,-1.778454450250137667e-02,8.162595853209494989e-02,1.717968583106994629e-01,-5.801783874630928040e-02,1.424760761437937617e-02,8.752479534596205313e-02,1.249400176107883509e-01,9.870956912636756619e-02,-1.709537850692868094e-02,4.616457223892211914e-02,-2.289211326278746059e-02,-5.950247086584568162e-02,-6.211345298215746602e-02,3.252091947942972044e-02,4.266776740550994734e-02,5.058185067027807374e-02,9.373354688286780756e-02,1.353833086788654438e-01,-2.275374129414558522e-01,-1.465039797127246912e-01,-5.076986849308014194e-02,2.197698429226875305e-01,8.869906738400459845e-02,-1.453251391649246216e-02,-5.489824537653476347e-03,-2.306505680084228460e-01,-3.741065710783004761e-01,1.532740429043769892e-01,-1.356603369116783087e-01,6.727017611265181940e-02,-1.230536006391048376e-01,9.215539768338203153e-02,-1.496138423681259155e-01,1.736321091651916448e-01,2.741190075874328502e-01,3.021413415670394786e-01,-6.073091626167297363e-01,1.389290660619735829e-01,-1.381075882818549871e-02,-1.019997216761112241e-01,-9.047435224056243896e-02,-1.124683856964111273e-01,1.351791888475418202e-01,2.676086742430925508e-02,2.768113374710082786e-01,-3.126929700374603271e-02,1.618135720491409302e-02,-3.712344467639923096e-01,5.177840925753116746e-02,-4.442774541676044325e-02,-1.284039288759231678e-01,9.576068371534347812e-02,-7.538425251841544827e-02,-1.189080812036991119e-01,-3.996762424707412942e-01,3.080924183130264171e-01,-2.960102958604693413e-02,1.664998777210712488e-01,-6.026497147977352004e-02,1.746612275019288063e-02,1.524640068411827198e-01,9.098471626639366427e-02,1.557809114456176758e-01,2.372670685872435570e-03,-5.192721670027822256e-03,9.247514307498931607e-02,1.283998936414718628e-01,-1.591480374336242676e-01,6.686163134872913361e-02,2.276480533182621141e-02,1.049071528017520849e-01,-4.382958821952342987e-02,-1.965598016977310181e-01,-5.295412629842758401e-01,4.314418509602546692e-02,2.379880249500274797e-02,-2.405884260952007025e-04,4.554962784051895253e-01,-8.868994265794753751e-02,-1.610412567853927723e-01,-3.325326353311538474e-01,1.437922701239585932e-01,6.230724547058343749e-02,-5.797060653567313870e-02,8.826139867305755893e-02,7.809949256479739588e-02,8.198722675442696173e-02,-4.003643363714218251e-01,1.315761417150497492e-01,2.232694119215011541e-01,1.086447551846504156e-01,1.627408102154731806e-01,-1.247093029320240076e-01,-1.859110984951257636e-02,6.910075321793555936e-02,-1.486500896513462122e-01,2.430380471050739427e-02,-1.323466867208480946e-01,-4.485563244670629640e-02,5.922839269042014937e-02,-1.214687810279429028e-02,-4.448261171579360740e-01,6.650653481483459473e-02,-1.404401183128357045e-01,8.518650531768798273e-02,9.816810339689255316e-02,-1.358381807804107666e-01,-7.187081277370452326e-02,-9.189137332141399106e-02,1.705767016028403391e-03,1.031945776194334065e-02,-5.511334314942360063e-02,1.493836402893066462e-01,1.204084552824497278e-01,1.359927326440811268e-01,-1.082018747925758417e-01,1.237169596133753588e-02,3.798635303974151611e-02,4.268948063254356107e-02,-4.760655350983142992e-02,-9.305295646190643588e-02,1.003042843192815808e-01,-5.745748542249203006e-02,-5.208752974867821017e-02,2.527398699894547324e-02,7.696823775768280029e-02,-2.227743705734610419e-02
4.153491072356700620e-02,-9.613211639225482941e-02,-1.175773508846759824e-01,-5.630332231521606445e-02,2.013847604393959045e-02,1.049266192130744388e-02,1.507687680423259666e-02,5.710843726992607255e-02,6.595480212126858316e-04,6.326839774847030362e-02,-1.645039170980453491e-01,-2.758467614650726429e-01,2.708629393018782000e-02,-5.330499023199081199e-01,8.105464950203895846e-02,-1.865728184580802973e-01,4.576413705945014954e-02,1.227655902504920932e-01,-3.750010542571544786e-02,-5.557632334530353269e-02,2.167239612899720530e-02,-3.397494610399007936e-02,-2.545923501253127830e-01,-7.646115869283676147e-02,-1.726648807525634766e-01,-6.430040374398231229e-02,4.184951968491077562e-02,-1.505539931356906780e-01,-9.919840395450592319e-02,5.348612498492002348e-02,2.334891417995095184e-02,4.625598043203353604e-02,-3.755025304853916446e-02,-1.287810653448104858e-01,6.149501986801624021e-02,-2.663567773997783591e-02,-2.127490252256393488e-01,-1.828943490982055664e-01,6.817666962742804926e-02,1.058775015175342504e-01,4.499581381678581515e-02,-6.125733256340026855e-02,8.582061948254704128e-03,-1.094109244644641821e-01,-1.157078556716442108e-01,-1.848558962345123180e-01,-1.648874282836914062e-01,1.605795635841787000e-02,-2.293851198628544738e-02,1.262398750986903906e-02,1.162767954170703943e-01,5.036644190549850741e-02,2.726306887343525956e-02,3.761114617809653560e-02,-5.577540546655655046e-02,6.269565373659133356e-02,5.014275997877121194e-01,-1.138223543763160761e-01,-4.753978282213210949e-01,-9.399202316999435980e-02,4.640638194978237430e-02,-7.734207883477210721e-02,-1.041936698835343178e-01,2.587139606475830078e-04,-1.276623457670211792e-01,1.025895059108734159e-01,8.356075733900070190e-02,1.262353375554084722e-01,-1.279763281345367432e-01,-5.457578599452972412e-02,5.668904371559620181e-02,-6.098298244178294858e-02,8.860084004700183313e-02,1.046538576483726501e-01,2.325884416699409429e-01,5.251992009580135068e-02,2.476470563560724189e-02,-4.483013823628425459e-02,-2.076163990423083444e-02,-1.874863460659980663e-01,4.705502130091190199e-02,-5.502481490373611894e-01,1.258579105138778742e-01,8.216662332415580750e-02,8.479956202208996374e-02,6.262625530362128656e-02,1.059858374297618921e-01,-1.559334248304367065e-02,2.190662026405334473e-01,1.786158131435513358e-02,-1.420422039926051982e-01,-2.665326918213395489e-03,-1.634584087878465652e-02,-1.608527818461880088e-02,-3.126664251089096291e-01,2.633667904883623193e-02,-1.470415495336055700e-01,1.762223485857248445e-02,1.047058533877134323e-01,1.365334361791610829e-01,1.263380706310272272e-01,-4.642061963677406033e-02,2.467389836907386835e-01,4.034071415662765503e-02,1.262193430447950890e-02,1.801095362752675941e-02,2.385430634021758894e-02,1.025530125480145129e-03,5.429789647459983687e-02,-5.418626707978546619e-03,5.245776791125535826e-02,1.079118803143501309e-01,6.499052569270133417e-02,-2.278271345421671937e-02,1.632074445486068615e-01,-5.097215533256530540e-01,5.143780931830406467e-02,3.766291532665490965e-02,-1.093464568257331848e-01,7.501947022974490842e-02,1.175211906433105413e-01,9.078177809715270996e-02,3.913086652755737305e-02,-8.009985387325287143e-02,2.630702638998627663e-02,-3.283203528262675086e-02,-3.370396215468644818e-02,-1.288187220692634527e-01
7.574938014149665277e-02,7.890563271939754486e-02,2.208122997544705729e-02,-1.079898104071617126e-01,-2.940329350531101227e-02,6.762592568993568143e-02,-1.085585603723302449e-02,-1.545396864414215199e-01,4.906173339113593240e-02,7.880334649235010494e-03,1.018956303596496582e-02,-2.366438210010528564e-01,4.707698337733745575e-02,2.035676419734954723e-01,-1.064567811787128504e-01,9.504931718111038486e-02,-5.155944433063268384e-02,-1.173862479627132450e-02,-6.737073473632335108e-02,6.480891853570938665e-02,-7.398051582276821483e-03,-8.043119683861732483e-02,3.730425506830215565e-01,3.557542669586837014e-02,1.003677994012832642e-01,6.172494590282440186e-02,6.578770577907562533e-02,1.348519042134284918e-01,-6.863031461834907809e-02,4.432363017695024887e-02,-4.839746467769145966e-02,-1.650962447747588227e-02,-2.526848316192626884e-02,-7.633030414581298828e-02,1.150243207812309265e-01,1.188151806127280084e-03,3.808253649622202197e-02,3.362392663955688366e-01,9.922517761588096896e-02,3.860090617090463500e-02,5.339257419109344482e-02,-1.755569428205490112e-01,2.760442644357681205e-02,2.807587841525673727e-02,-1.446941876783966983e-02,-6.433834694325923920e-02,-1.019406095147132874e-01,-2.496961764991283486e-02,1.098985187709331512e-01,-8.797569721937179010e-02,-5.008900363463908868e-04,-4.297392964363098283e-02,3.239940456114709551e-03,-8.080978170037270147e-02,5.689295399934053699e-02,-4.049174174666404502e-01,1.201062150299549158e-01,1.875580083578825066e-02,-4.535988885909318646e-02,-7.358177006244659424e-02,-3.424276905134319982e-02,1.030161455273628235e-01,3.010557569796219399e-02,-2.091798186302185059e-02,-1.951464563608169556e-01,1.021543078124523135e-01,6.682014763355255405e-02,7.875282466411590021e-02,-1.520833671092987061e-01,-8.157054483890532892e-02,2.987590394914150377e-02,-6.265512071549891870e-02,1.988552048802375849e-01,1.222519390285015106e-01,5.619050472974777000e-01,9.680930525064468384e-02,-3.193375999107957164e-02,1.421206489205360524e-01,-3.181840357137843966e-02,6.956312432885169983e-02,1.401306141167878994e-01,-1.919984772801399120e-01,5.093913786113261899e-02,-4.123205021023750028e-02,-3.379849847406148772e-02,6.051881420717108995e-03,2.431124052964150906e-02,1.046308085322380094e-01,2.796362661756575038e-02,-6.384348799474537546e-03,8.855911754071713049e-02,-1.014588817954063388e-01,-2.145431879907846312e-02,-1.355133386095985770e-02,-5.620656758546829085e-02,-1.131070859730243655e-01,2.561113879084587208e-01,6.989158838987349909e-02,-8.555808626115321558e-02,-2.695450584869831662e-02,8.268813788890838623e-02,-2.491175599861890008e-02,-4.912525564432144165e-01,-1.451102793216705322e-01,8.873068541288375854e-02,1.967842146754264776e-01,-3.025188362225890090e-02,6.532441042363643091e-02,-8.756021484732627591e-02,-6.349418982863426486e-02,-5.304091479629278322e-02,-4.816126301884651045e-02,7.724378141574561596e-03,9.298497671261429440e-03,3.669555298984050751e-02,4.096428517368622124e-02,-1.385521419346332495e-01,4.007095433771610399e-02,-1.112945079803466797e-01,-7.558779269456863958e-02,4.396419532713480467e-03,-3.328334735706448694e-02,-1.184563390910625402e-01,-2.159993033856153627e-02,-1.320008158683776966e-01,1.521311268210411016e-01,6.627344153821468353e-02,4.903705306351184567e-02
